form_id;collectionSize;actual_fastest;actual_fastest_duration;n_drivers_compared;ml_predicted_fastest;ml_pred_duration_postgres;ml_pred_duration_mongo;ml_pred_duration_neo4j;majority_predicted
-9175951337406965087;100;postgres;978.4547368421053;3;postgres;988.4718520739668;4610.503664522179;1752.2225424405485;neo4j
-9175951337406965087;1000;postgres;1195.6336842105263;3;postgres;1274.2059755028224;4850.458225351309;1781.9657864333376;neo4j
-9018611685019991181;100;neo4j;1404.705035971223;3;neo4j;2479.515640852548;7545.75605695681;2020.9070993917628;neo4j
-8980828898780742638;1000;neo4j;1842.5590200445433;3;neo4j;2283.5916707892497;7850.348374819014;2002.4186934174515;neo4j
-8878398820989998606;500;neo4j;1356.9894514767932;3;neo4j;2354.188929538644;2833.8016201571786;1354.312929189901;neo4j
-8878398820989998606;1000;neo4j;1420.4409282700421;3;neo4j;2512.9301092213414;2967.1097095066953;1370.8369536303394;neo4j
-8851419415559083766;1000;postgres;2000.7357142857143;3;postgres;1856.4445504439518;6932.811113362084;2006.565268711226;neo4j
-8851419415559083766;3000;postgres;2470.7755102040815;3;neo4j;2491.409269174742;7466.043470760151;2072.6613664729794;neo4j
-8851419415559083766;15000;postgres;7330.4928425357875;1;neo4j;6301.197581559482;10665.437615148547;2469.2379530435005;neo4j
-8757914087123582176;500;neo4j;1649.447661469933;3;neo4j;2928.696532295477;8736.506541764022;2103.230760904834;neo4j
-8674623534688907109;1000;neo4j;1946.3296213808462;3;neo4j;4148.04309530971;10361.45510220532;2220.1980198930078;neo4j
-8211431013505666067;1000;neo4j;2145.349665924276;3;neo4j;4119.15338355836;9878.868164845268;2165.8747313681383;neo4j
-8030783203558293856;500;neo4j;1321.4321243523316;3;neo4j;1239.576232392555;1419.6356204247259;1142.6473338712954;neo4j
-8030783203558293856;3000;neo4j;1441.9750519750519;3;neo4j;2033.282130806043;2086.1760671723086;1225.2674560734874;neo4j
-7712884023086902558;100;postgres;837.0153074027603;3;postgres;622.1416322955565;2539.537531584994;1500.705538024532;neo4j
-7712884023086902558;500;postgres;1015.1775919732441;3;postgres;749.1345760417144;2646.184003064607;1513.9247575768825;neo4j
-7712884023086902558;1000;postgres;1138.3216256899148;3;postgres;907.8757557244119;2779.4920924141243;1530.4487820173208;neo4j
-7712884023086902558;3000;postgres;1177.6702036134213;3;postgres;1542.8404744552022;3312.72444981219;1596.5448797790743;neo4j
-7712884023086902558;9000;neo4j;1360.3885254151987;3;neo4j;3447.734630647573;4912.421522006389;1794.8331730643347;neo4j
-7711038431031380520;100;neo4j;1648.377232142857;3;neo4j;2729.3651751326047;9186.277569295402;2183.1633896812;neo4j
-7000496661805857474;1000;neo4j;2037.8523206751054;3;neo4j;3912.6129182484865;9162.434991669756;2144.015665576965;neo4j
-7000496661805857474;3000;neo4j;2684.3707627118642;3;neo4j;4547.577636979277;9695.667349067822;2210.111763338719;neo4j
-6797273311895284442;100;neo4j;1594.9472573839662;3;neo4j;2959.6917677860133;8351.638896784812;2120.0998123663535;neo4j
-6647451198889251727;100;neo4j;1475.209109730849;3;neo4j;3081.092151133012;9064.484655873854;2135.166728395514;neo4j
-6647451198889251727;3000;neo4j;2883.2765072765073;3;neo4j;4001.7909932926577;9837.671574101052;2231.006070150056;neo4j
-6635961803189943275;1000;neo4j;1956.3509127789046;3;postgres;1786.744200330129;6455.804057020698;1924.1022130645215;neo4j
-6635961803189943275;3000;neo4j;2766.726101694915;3;neo4j;2421.7089190609195;6989.036414418766;1990.1983108262748;neo4j
-6635961803189943275;9000;neo4j;4922.6;3;neo4j;4326.603075253289;8588.733486612964;2188.486604111535;neo4j
-6635961803189943275;15000;postgres;6605.010803511141;1;neo4j;6231.497231445659;10188.430558807162;2386.7748973967955;neo4j
-6562241423079351546;9000;neo4j;4937.578947368421;2;neo4j;4321.925893790303;8576.019231279137;2168.9795223918813;neo4j
-6562241423079351546;15000;postgres;9240.8;1;neo4j;6226.8200499826735;10175.716303473335;2367.2678156771417;neo4j
-6115401621386745213;100;postgres;929.6311111111111;3;postgres;1201.8415636547306;5089.8355769565205;1835.5180091445334;neo4j
-6087403437793251177;500;neo4j;2049.3504464285716;3;neo4j;3313.5270994005054;9440.42070598937;2282.7751113572604;neo4j
-5883824215796995569;3000;neo4j;2571.7072072072074;3;neo4j;4255.3421460757045;8288.537545197163;2067.9803063370823;neo4j
-5769746364751834848;100;neo4j;1537.828125;3;neo4j;3221.343836978418;10905.152868598281;2330.7767974341323;neo4j
-5592271172756412787;500;neo4j;1344.3964365256124;3;neo4j;1838.7708656335067;1966.8545365224072;1200.0122460310135;neo4j
-5342634912139478849;100;neo4j;1454.765625;3;neo4j;3110.5096924336403;6921.482236186084;1907.523858889768;neo4j
-5218472874076861174;100;neo4j;1512.9979423868313;3;neo4j;2494.705794653343;2035.7305105253163;1151.242224370852;neo4j
-5218472874076861174;500;neo4j;1480.9958932238194;3;neo4j;2621.698738399501;2142.3769820049297;1164.4614439232025;neo4j
-5218472874076861174;1000;neo4j;1269.8641975308642;3;neo4j;2780.439918082199;2275.685071354446;1180.9854683636408;neo4j
-5218472874076861174;9000;neo4j;1370.8168724279835;3;neo4j;5320.29879300536;4408.614500946711;1445.3698594106547;neo4j
-5015120425027576488;100;neo4j;1559.194075587334;3;neo4j;2516.3505854754953;2227.6448251164525;1248.3188309365078;neo4j
-5015120425027576488;500;neo4j;1422.0480572597137;3;neo4j;2643.343529221653;2334.291296596065;1261.5380504888585;neo4j
-5015120425027576488;1000;neo4j;1235.2836734693878;3;neo4j;2802.084708904351;2467.599385945581;1278.0620749292968;neo4j
-5015120425027576488;9000;neo4j;1350.091836734694;3;neo4j;5341.943583827512;4600.528815537847;1542.4464659763107;neo4j
-4994141867836442350;3000;postgres;7724.450226244344;1;neo4j;4601.439508047695;11283.731860957878;2421.985735462197;neo4j
-4897849497684829669;3000;neo4j;2662.161825726141;3;neo4j;4083.010323541823;10197.293430310929;2285.509135906872;neo4j
-4897849497684829669;9000;neo4j;4888.119047619048;2;neo4j;5987.904479734194;11796.990502505127;2483.7974291921323;neo4j
-4827810657882304328;1000;neo4j;1854.075723830735;3;neo4j;2110.3403988725545;5990.833166418405;1902.3135971816146;neo4j
-4747473398088409065;100;neo4j;1403.9799554565702;3;neo4j;2628.455303831276;7210.423589075695;1989.685614199893;neo4j
-4457535041426753831;100;neo4j;1590.2076843198338;3;neo4j;3580.6127838945768;9039.849748301827;2191.2120226525167;neo4j
-4457535041426753831;500;neo4j;3171.1597510373444;3;neo4j;3707.6057276407346;9146.49621978144;2204.4312422048674;neo4j
-4230844380626341797;1000;neo4j;1842.6536430834212;3;neo4j;3216.0070805279065;8901.40260231503;2110.7647997456925;neo4j
-3890098727378472595;1000;postgres;1188.0252631578946;3;postgres;1393.9031372181273;4632.756155599967;1749.2342244943252;neo4j
-3890098727378472595;15000;postgres;4850.6;1;neo4j;5838.656168333658;8365.382657386432;2211.906908826599;neo4j
-3690558348516185085;100;neo4j;1440.810975609756;3;postgres;1792.2459852571865;7325.5292686476605;1995.012601870335;neo4j
-3690558348516185085;500;postgres;1491.4401622718053;3;postgres;1919.2389290033443;7432.1757401272735;2008.2318214226857;neo4j
-3690558348516185085;1000;neo4j;1732.9884823848238;3;neo4j;2077.9801086860416;7565.483829476791;2024.755845863124;neo4j
-3690558348516185085;9000;postgres;6852.452332657201;2;neo4j;4617.838983609202;9698.413259069055;2289.140236910138;neo4j
-3690558348516185085;15000;postgres;8608.356076759062;1;neo4j;6522.733139801572;11298.110331263251;2487.4285301953983;neo4j
-3347165239717756527;100;neo4j;1583.4320712694878;3;neo4j;3035.464503782593;7148.989733826669;1991.7333307768065;neo4j
-3186312978222321866;100;neo4j;1658.781737193764;3;neo4j;2299.5400764292267;2384.711891471635;1267.0589018308715;neo4j
-2997100093229795678;500;neo4j;1452.2392344497607;3;neo4j;2573.9947238819773;2293.798960609092;1207.9975672533733;neo4j
-2997100093229795678;1000;neo4j;1429.7909836065573;3;neo4j;2732.735903564675;2427.107049958608;1224.5215916938116;neo4j
-2997100093229795678;3000;neo4j;1519.4446721311476;3;neo4j;3367.700622295465;2960.3394073566747;1290.6176894555651;neo4j
-2976612325514127951;500;postgres;3754.2955555555554;3;neo4j;3223.888842517966;9057.913190178604;2193.1592985050684;neo4j
-2658033047011429709;100;neo4j;1446.4966592427618;3;postgres;1653.9184867326626;6063.923597048577;1857.7370020296578;neo4j
-2592638182945132307;1000;neo4j;1899.1559020044544;3;neo4j;4099.600486505919;9773.983162034314;2249.8502222511897;neo4j
-2526248153524971894;500;neo4j;1658.5421810699588;3;neo4j;2809.2539011342674;8216.578438317132;2123.5679885012137;neo4j
-2526248153524971894;9000;neo4j;4904.45;2;neo4j;5507.8539557401255;10482.815957258914;2404.476403988666;neo4j
-2526248153524971894;15000;postgres;9079.208888888888;1;neo4j;7412.748111932497;12082.513029453112;2602.7646972739262;neo4j
-2525549918523340614;500;postgres;1206.43429844098;3;neo4j;1732.2103339438995;2364.8714895839557;1331.5598983309442;neo4j
-2422562548704182940;100;neo4j;1492.837416481069;3;neo4j;2573.803834995063;6920.333799614598;1947.7416823303265;neo4j
-2280516890771335684;100;postgres;1113.6796714579054;3;postgres;1272.1391198296174;2921.5372203687575;1480.3666153152276;neo4j
-2280516890771335684;500;postgres;1493.3958974358975;3;postgres;1399.1320635757754;3028.1836918483705;1493.5858348675781;neo4j
-2280516890771335684;15000;neo4j;1354.0618556701031;3;neo4j;6002.626274374004;6894.118282984351;1972.7825436402907;neo4j
-1888431145472274022;3000;neo4j;2705.8348214285716;3;neo4j;5012.2190425132;10724.906759294967;2244.12791278066;neo4j
-523799415667217518;500;neo4j;1410.4017857142858;3;neo4j;1224.3861123770835;1288.442774603528;1149.5084857295674;neo4j
-484428940663733261;100;neo4j;1774.7371937639198;3;neo4j;4249.642822664839;10418.648113885942;2295.2751150749814;neo4j
-337597371140235294;100;neo4j;1606.34996582365;3;neo4j;3399.1843083623185;9630.921672537846;2228.935991638994;neo4j
-190574955427962001;100;neo4j;1254.6308016877638;3;postgres;1728.280991849901;5962.087411032145;1983.0606882327875;neo4j
-190574955427962001;500;postgres;1369.6547368421052;3;postgres;1855.2739355960593;6068.733882511758;1996.279907785138;neo4j
55621005251156460;500;neo4j;1557.746887966805;3;neo4j;2880.375005609421;10169.940584238962;2204.918417949199;neo4j
55621005251156460;1000;neo4j;1886.0726141078837;3;neo4j;3039.116185292118;10303.24867358848;2221.4424423896376;neo4j
198385241727043463;100;postgres;1606.9876033057851;3;neo4j;2179.4879733023295;8015.686107974858;2086.9057911896957;neo4j
198385241727043463;500;postgres;2284.6252587991717;3;neo4j;2306.4809170484873;8122.332579454471;2100.1250107420465;neo4j
198385241727043463;1000;postgres;3857.360248447205;2;neo4j;2465.2220967311846;8255.640668803988;2116.649035182485;neo4j
269281139764885068;3000;neo4j;2761.6473214285716;3;neo4j;4184.313703253511;10397.631812523061;2216.9575020634697;neo4j
284898153821570014;100;postgres;1486.8487282463186;3;postgres;807.6603352344323;2173.7540095744716;1389.2125538335595;neo4j
284898153821570014;500;postgres;951.9141515761235;3;postgres;934.6532789805904;2280.4004810540846;1402.4317733859102;neo4j
284898153821570014;1000;neo4j;1318.4569603227976;3;postgres;1093.3944586632879;2413.708570403601;1418.9557978263485;neo4j
284898153821570014;3000;neo4j;1374.0;3;neo4j;1728.3591773940784;2946.9409278016674;1485.051895588102;neo4j
284898153821570014;9000;neo4j;1341.233870967742;3;neo4j;3633.253333586448;4546.637999995866;1683.3401888733624;neo4j
284898153821570014;15000;neo4j;1402.6806451612904;3;neo4j;5538.1474897788175;6146.335072190064;1881.6284821586228;neo4j
301876092220321866;100;neo4j;1391.4471544715448;3;neo4j;2222.4529421809216;7051.027872716151;1994.6501656274622;neo4j
301876092220321866;1000;neo4j;1998.9512195121952;3;neo4j;2508.1870656097767;7290.982433545281;2024.3934096202513;neo4j
301876092220321866;3000;neo4j;2881.695829094608;3;neo4j;3143.151784340567;7824.214790943348;2090.489507382005;neo4j
301876092220321866;9000;neo4j;4884.637426900585;2;neo4j;5048.0459405329375;9423.911863137546;2288.777800667265;neo4j
301876092220321866;15000;postgres;9195.934426229509;1;neo4j;6952.940096725308;11023.608935331742;2487.0660939525255;neo4j
336549245393134503;1000;postgres;625.44;3;postgres;746.930758921995;2919.983931374331;1507.9430250679764;neo4j
591457710187147916;3000;neo4j;2890.9933184855236;3;neo4j;5299.273406331148;12077.216444642783;2386.2956721568635;neo4j
674835182984831971;3000;neo4j;2606.858744394619;3;neo4j;3096.5405955144474;6974.49969025172;1955.8650044235815;neo4j
947533190914524242;100;neo4j;1327.0357142857142;3;postgres;1800.5237702912373;6633.7415765629885;1911.2396917642766;neo4j
1031963741124383336;100;postgres;1239.4955570745044;3;postgres;1221.0774323655285;5491.68998560249;1904.1157632283348;neo4j
1031963741124383336;500;postgres;1382.0636550308009;3;postgres;1348.0703761116865;5598.336457082105;1917.3349827806856;neo4j
1664155460377545707;100;postgres;1118.4;3;postgres;1730.8498721943952;5170.64625151762;1772.0322457764423;neo4j
1693831707291403119;1000;neo4j;1899.325892857143;3;neo4j;2817.1237876664536;5960.1668294404;1847.2908971406828;neo4j
2159236020344786070;100;postgres;942.271220492215;3;postgres;764.0710080095698;2688.213891594112;1524.5371153458561;neo4j
2159236020344786070;500;postgres;958.2547207713941;3;postgres;891.0639517557279;2794.8603630737252;1537.756334898207;neo4j
2159236020344786070;1000;postgres;1340.9859437751004;3;postgres;1049.8051314384254;2928.1684524232414;1554.2803593386452;neo4j
2159236020344786070;3000;postgres;1331.2503346720214;3;neo4j;1684.7698501692157;3461.400809821308;1620.3764571003987;neo4j
2159236020344786070;9000;neo4j;1282.1560926485397;3;neo4j;3589.664006361586;5061.097882015507;1818.664750385659;neo4j
2159236020344786070;15000;neo4j;1359.0080604534005;3;neo4j;5494.558162553956;6660.794954209705;2016.9530436709194;neo4j
2298239981936239358;1000;neo4j;1831.7075892857142;3;neo4j;2790.644896542148;6734.130226606165;1900.9132590389092;neo4j
2311658522699135076;1000;neo4j;1918.490486257928;3;neo4j;2164.186139101196;6147.940515874579;1918.4782385252379;neo4j
2311658522699135076;15000;postgres;8537.324786324787;1;neo4j;6608.939170216728;9880.567017661044;2381.1509228575123;neo4j
2420125548069914849;3000;postgres;2090.628062360802;3;neo4j;2205.7485127702407;6340.986460312088;1936.0548426534967;neo4j
2614336428805471147;9000;neo4j;1364.804008908686;3;neo4j;4747.815775521272;4272.60994080575;1480.3412196675706;neo4j
2798755672638114246;100;neo4j;1475.358574610245;3;neo4j;2545.1566851755824;7446.066282533016;1991.686412232734;neo4j
2984436085959465646;1000;postgres;1591.1115789473683;3;postgres;1466.9631834491788;5651.391811426673;1900.4106910009828;neo4j
2984436085959465646;15000;postgres;5251.195789473684;1;neo4j;5911.71621456471;9384.018313213137;2363.083375333257;neo4j
3023036639377030247;100;neo4j;1634.246887966805;3;neo4j;1161.659363289645;1166.2979987114663;1096.3487627799327;neo4j
3023036639377030247;1000;neo4j;1424.8817427385893;3;neo4j;1447.3934867185005;1406.2525595405964;1126.092006772722;neo4j
3140063653330046280;100;neo4j;1366.075819672131;3;neo4j;1701.12030517734;1985.3687423305405;1279.758650996192;neo4j
3140063653330046280;500;postgres;1268.104081632653;3;neo4j;1828.1132489234983;2092.015213810154;1292.9778705485426;neo4j
3140063653330046280;3000;neo4j;1446.375;3;neo4j;2621.8191473369857;2758.5556605577367;1375.5979927507344;neo4j
3140063653330046280;9000;neo4j;1379.5357873210635;3;neo4j;4526.713303529356;4358.252732751935;1573.8862860359948;neo4j
3140063653330046280;15000;neo4j;1455.2719836400818;2;neo4j;6431.607459721726;5957.949804946134;1772.1745793212551;neo4j
3200381190457382989;100;postgres;1213.0310559006211;3;neo4j;1841.327141542687;5474.594783677912;1811.3642841312662;neo4j
3200381190457382989;3000;neo4j;3067.8319502074687;3;neo4j;2762.0259837023327;6247.781701905109;1907.2036258858088;neo4j
3221325576274428927;1000;postgres;1147.3777777777777;3;postgres;1153.2023060824156;4622.5768049358685;1755.1858402951668;neo4j
3261133048331320170;100;neo4j;1525.4743875278396;3;neo4j;4079.251684563449;10424.257386380803;2214.632874042026;neo4j
3580708077801495241;100;neo4j;1292.3881856540083;3;neo4j;1793.3459924309536;5378.066001510602;1783.0001451697099;neo4j
3580708077801495241;3000;postgres;2565.5557894736844;3;neo4j;2714.0448345905993;6151.252919737799;1878.8394869242522;neo4j
3625272256298212169;9000;neo4j;4586.275862068966;2;neo4j;7055.718920547317;13403.941817389756;2585.236667864745;neo4j
3718404708143474634;100;neo4j;1694.9843400447428;3;neo4j;3683.0792566195423;10516.902070397597;2335.8999345674815;neo4j
3781727411837071052;500;neo4j;4149.714964370546;3;neo4j;3226.513432860227;9184.346082947766;2261.8580854482943;neo4j
4031863119841526644;9000;neo4j;4661.094915254237;2;neo4j;6900.880341375316;12293.43222548711;2435.9817901426186;neo4j
4062941903455482520;500;neo4j;1872.2737913486005;3;neo4j;2379.5926209689815;7215.564469628152;2019.8190147516593;neo4j
4062941903455482520;9000;postgres;7268.457868020305;1;neo4j;5078.19267557484;9481.801988569934;2300.7274302391115;neo4j
4062941903455482520;15000;postgres;8885.291262135923;1;neo4j;6983.08683176721;11081.499060764132;2499.015723524372;neo4j
4066493230910611264;1000;neo4j;1471.533195020747;3;neo4j;2044.292049059441;1947.2299321107616;1173.8807151791557;neo4j
4066493230910611264;3000;neo4j;1317.300518134715;3;neo4j;2679.256767790231;2480.4622895088273;1239.976812940909;neo4j
4727086781211084254;3000;neo4j;1471.2553191489362;3;neo4j;1873.1763980905412;2637.7471532118816;1403.169416898107;neo4j
4727086781211084254;15000;neo4j;1324.6483050847457;3;neo4j;5682.964710475281;5837.141297600279;1799.7460034686278;neo4j
4937627862133058739;1000;postgres;2922.277777777778;3;neo4j;2495.0464795912567;6943.366155469157;1896.6117638938729;neo4j
5389850693796701204;3000;neo4j;2559.5602678571427;3;neo4j;4210.088974040251;8371.109725060513;2030.4779291655225;neo4j
5500536538076759562;100;neo4j;1564.3184855233853;3;neo4j;2686.426238044248;7803.468222788972;2025.168438513453;neo4j
5765871667095525341;500;neo4j;2148.988864142539;3;neo4j;3200.2512545699665;8003.679726449953;2049.4210474281895;neo4j
5819340622713286740;3000;neo4j;2869.7946428571427;3;neo4j;4605.979954229687;10467.383682798205;2228.7793097488757;neo4j
6035569127364925393;100;neo4j;1556.234693877551;3;postgres;1344.7640904234922;2357.6107600764594;1354.3022572164537;neo4j
6035569127364925393;500;neo4j;1438.725971370143;3;neo4j;1471.75703416965;2464.2572315560724;1367.5214767688044;neo4j
6035569127364925393;3000;neo4j;1313.957011258956;3;neo4j;2265.462932583138;3130.7976783036556;1450.1415989709963;neo4j
6035569127364925393;9000;neo4j;1277.3849287169044;3;neo4j;4170.357088775509;4730.494750497854;1648.4298922562566;neo4j
6035569127364925393;15000;neo4j;1265.2953156822812;3;neo4j;6075.251244967878;6330.1918226920525;1846.718185541517;neo4j
6039915015557696696;9000;neo4j;1312.4855233853007;3;neo4j;4242.122462705026;4622.734079433435;1602.4038564608752;neo4j
6449890693743718550;3000;neo4j;1448.8278008298755;3;neo4j;3444.9225614476454;3227.7603379095276;1351.1220875738202;neo4j
6449890693743718550;9000;neo4j;1354.3150259067359;3;neo4j;5349.816717640016;4827.457410103727;1549.4103808590808;neo4j
6944619809665527286;1000;neo4j;1880.5957671957672;3;neo4j;2607.6737546787726;8770.71170738885;2115.48226129372;neo4j
7559034564390017530;500;neo4j;1647.7889344262296;3;neo4j;3455.265679379488;8588.742039219884;2074.3724464164598;neo4j
7559034564390017530;1000;neo4j;1804.0429447852762;3;neo4j;3614.006859062186;8722.050128569399;2090.8964708568983;neo4j
7559034564390017530;3000;neo4j;2949.548353909465;3;neo4j;4248.971577792976;9255.282485967467;2156.9925686186516;neo4j
7609587362145515038;100;neo4j;1436.5228215767636;3;neo4j;1720.1893537590736;1633.5970298222276;1128.9288517312891;neo4j
7609587362145515038;15000;neo4j;1433.9006211180124;3;neo4j;6450.67650830346;5606.17809243782;1621.3447800563524;neo4j
7670966536050936040;100;neo4j;1575.2170022371365;3;neo4j;1607.3304628247547;1805.26612987422;1242.5820256615584;neo4j
7833263001423434748;100;neo4j;1445.7358684480987;3;neo4j;2394.275108447217;8905.806818875915;2096.191965769743;neo4j
7833263001423434748;9000;neo4j;4887.048128342246;2;neo4j;5219.868106799233;11278.69080929731;2390.3196008095465;neo4j
7836930319685189986;100;neo4j;1361.7700421940929;3;neo4j;2275.7575117720426;6413.695172129463;1871.5455136924218;neo4j
7836930319685189986;500;neo4j;1573.9746835443038;3;neo4j;2402.7504555182004;6520.341643609076;1884.7647332447723;neo4j
7954557932981491205;3000;neo4j;2614.6473214285716;3;neo4j;3865.5780556900436;8087.977324797841;2107.194082332949;neo4j
7966613178259251389;100;neo4j;1584.01244813278;3;neo4j;3715.7439425915372;9156.390373556871;2141.6739741486804;neo4j
7966613178259251389;9000;neo4j;4872.696629213483;2;neo4j;6541.336940943554;11529.274363978266;2435.8016091884833;neo4j
8091176873199077026;1000;neo4j;1963.0636550308009;3;neo4j;4404.628331316327;11235.024397406441;2289.20473582716;neo4j
8363527496076688360;500;neo4j;1748.033482142857;3;neo4j;4170.045357148349;10409.092636153102;2256.8361916175913;neo4j
8680977486174658034;100;neo4j;1618.8316221765913;3;neo4j;2316.5784542517654;2660.6008583135954;1336.9367245025533;neo4j
8680977486174658034;500;neo4j;1351.991769547325;3;neo4j;2443.5713979979237;2767.2473297932092;1350.155944054904;neo4j
8680977486174658034;9000;neo4j;1332.9362139917696;3;neo4j;5142.171452603781;5033.48484873499;1631.0643595423562;neo4j
8680977486174658034;15000;neo4j;1269.2860082304526;3;neo4j;7047.065608796152;6633.18192092919;1829.3526528276166;neo4j
8795005962080040597;100;neo4j;1487.3195355880869;3;neo4j;2736.4873882581296;8418.810739707116;2095.814176198921;neo4j
8795005962080040597;500;neo4j;1690.4459049544994;3;neo4j;2863.4803320042874;8525.457211186731;2109.0333957512717;neo4j
8795005962080040597;1000;neo4j;1964.059595959596;3;neo4j;3022.2215116869847;8658.765300536246;2125.55742019171;neo4j
8795005962080040597;3000;neo4j;3051.4137931034484;3;neo4j;3657.186230417775;9191.997657934313;2191.6535179534635;neo4j
8795005962080040597;9000;neo4j;4844.580645161291;2;neo4j;5562.080386610145;10791.69473012851;2389.941811238724;neo4j
8795005962080040597;15000;postgres;8791.589977220956;1;neo4j;7466.974542802516;12391.391802322709;2588.230104523984;neo4j
8833160505194618735;1000;neo4j;1301.510022271715;3;neo4j;2305.9529081071223;1851.0356345013265;1142.5244975150472;neo4j
8951401630529051155;500;neo4j;1591.8708240534522;3;neo4j;2468.720088427518;7045.800912104802;1994.1174755828947;neo4j
8960386008572195050;500;neo4j;1646.710970464135;3;neo4j;2849.1587756503895;6532.325410765099;1891.8376821904787;neo4j
8960386008572195050;9000;neo4j;4441.669398907104;2;neo4j;5547.758830256247;8798.56292970688;2172.746097677931;neo4j
