collection_size;result_size
100;1
100;0
100;0
100;0
100;1
100;0
100;0
100;32
100;0
100;0
100;0
100;0
100;0
100;0
100;0
100;0
100;0
100;0
100;0
100;21
100;0
100;16
100;0
100;25
100;0
100;0
100;0
100;77
100;1
100;0
100;0
100;0
100;0
100;0
100;0
100;0
100;0
100;0
100;0
100;22
100;0
100;0
100;0
100;15
100;0
100;0
100;32
100;0
100;9
100;0
100;0
100;0
100;0
100;0
100;0
100;0
100;0
100;0
100;0
100;0
100;0
100;0
100;0
100;0
100;0
100;0
100;0
100;0
100;0
100;0
100;0
100;0
100;0
100;0
100;0
100;0
100;0
100;0
100;0
100;0
100;0
100;0
100;0
100;0
100;0
100;0
100;0
100;0
100;0
100;0
100;0
100;0
100;0
100;0
100;0
100;0
100;0
100;0
100;1
100;0
100;0
100;0
100;0
100;0
100;0
100;0
100;0
100;0
100;0
100;0
100;0
100;0
100;0
100;0
100;0
100;0
100;0
100;0
100;0
100;0
100;0
100;0
100;0
100;0
100;0
100;0
100;0
100;0
100;0
100;1
100;0
100;0
100;0
100;0
100;0
100;0
100;0
100;0
100;0
100;0
100;0
100;0
100;0
100;0
100;0
100;0
100;0
100;0
100;0
100;0
100;0
100;0
100;0
100;0
100;0
100;0
100;0
100;0
100;0
100;0
100;0
100;0
100;0
100;0
100;0
100;0
100;0
100;0
100;0
100;0
100;0
100;0
100;5
100;0
100;0
100;0
100;5
100;5
100;4
100;131
100;8
100;22
100;0
100;28
100;17
100;0
100;5
100;150
100;26
100;214
100;0
100;7
100;188
100;0
100;8
100;0
100;0
100;0
100;44
100;0
100;9
100;0
100;0
100;0
100;0
100;0
100;0
100;10
100;4
100;0
100;145
100;0
100;229
100;245
100;107
100;122
100;189
100;0
100;162
100;0
100;279
100;6
100;1
100;0
100;0
100;0
100;17
100;0
100;0
100;0
100;0
100;0
100;42
100;0
100;0
100;0
100;0
100;0
100;0
100;0
100;0
100;0
100;0
100;0
100;0
100;0
100;0
100;0
100;0
100;0
100;0
100;0
100;1
100;0
100;0
100;0
100;0
100;0
100;0
100;1
100;0
100;0
100;0
100;0
100;1
100;22
100;0
100;0
100;0
100;5
100;2
100;0
100;0
100;0
100;1
100;0
100;0
100;1
100;0
100;5
100;20
100;2
100;2
100;0
100;0
100;0
100;0
100;8
100;7
100;10
100;0
100;27
100;2
100;0
100;20
100;0
100;4
100;15
100;1
100;4
100;0
100;27
100;3
100;0
100;0
100;0
100;0
100;23
100;0
100;0
100;0
100;0
100;0
100;261
100;0
100;0
100;6
100;0
100;0
100;0
100;0
100;0
100;0
100;0
100;0
100;0
100;16
100;0
100;0
100;0
100;0
100;0
100;0
100;0
100;12
100;50
100;4
100;0
100;0
100;3
100;0
100;3
100;3
100;0
100;10
100;1
100;2
100;0
100;2
100;10
100;7
100;6
100;95
100;41
100;0
100;5
100;2
100;0
100;28
100;33
100;0
100;302
100;23
100;23
100;23
100;0
100;79
100;447
100;51
100;8
100;18
100;437
100;16
100;6
100;0
100;3
100;18
100;71
100;15
100;90
100;333
100;0
100;0
100;8
100;172
100;160
100;30
100;0
100;133
100;30
100;22
100;0
100;53
100;40
100;33
100;0
100;0
100;0
100;636
100;55
100;0
100;0
100;50
100;0
100;440
100;0
100;0
100;3
100;0
100;33
100;0
100;0
100;0
100;96
100;0
100;4
100;30
100;0
100;3
100;30
100;0
100;16
100;16
100;0
100;3
100;246
100;4
100;47
100;0
100;0
100;188
100;0
100;0
100;0
100;0
100;0
100;0
100;0
100;0
100;0
100;6
100;10
100;314
100;101
100;121
100;0
100;73
100;0
100;0
100;0
100;4
100;203
100;17
100;26
100;41
100;20
100;5
100;56
100;2
100;19
100;36
100;12
100;0
100;58
100;31
100;0
100;32
100;57
100;306
100;26
100;10
100;3
100;102
100;104
100;28
100;0
100;0
100;0
100;20
100;0
100;23
100;0
100;0
100;0
100;0
100;0
100;56
100;28
100;0
100;0
100;444
100;16
100;0
100;123
100;38
100;207
100;30
100;68
100;10
100;0
100;0
100;0
100;0
100;112
100;56
100;187
100;0
100;28
100;1422
100;0
100;95
100;0
100;9
100;240
100;12
100;2962
100;4
100;0
100;0
100;0
100;3
100;4
100;4
100;107
100;0
100;2
100;0
100;2
100;0
100;0
100;0
100;0
100;0
100;0
100;0
100;21
100;0
100;0
100;147
100;0
100;0
100;0
100;0
100;0
100;0
100;0
100;0
100;0
100;0
100;0
100;0
100;0
100;184
100;0
100;69
100;0
100;0
100;0
100;0
100;115
100;0
100;0
100;128
100;0
100;0
100;0
100;0
100;0
100;0
100;0
100;0
100;0
100;0
100;0
100;0
100;0
100;0
100;0
100;0
100;0
100;0
100;0
100;0
100;0
100;0
100;0
100;0
100;0
100;0
100;0
100;0
100;0
100;0
100;0
100;0
100;0
100;0
100;0
100;0
100;0
100;0
100;0
100;0
100;0
100;0
100;0
100;0
100;0
100;0
100;0
100;0
100;0
100;0
100;0
100;0
100;0
100;0
100;0
100;0
100;0
100;0
100;0
100;0
100;0
100;0
100;0
100;0
100;0
100;0
100;0
100;0
100;0
100;0
100;0
100;0
100;0
100;0
100;0
100;0
100;0
100;0
100;0
100;0
100;0
100;0
100;0
100;0
100;0
100;0
100;0
100;0
100;0
100;0
100;0
100;0
100;0
100;0
100;0
100;0
100;0
100;0
100;0
100;0
100;0
100;0
100;0
100;0
100;0
100;0
100;0
100;0
100;0
100;0
100;0
100;0
100;0
100;0
100;0
100;0
100;0
100;0
100;0
100;0
100;0
100;0
100;0
100;0
100;0
100;1
100;0
100;0
100;0
100;0
100;0
100;0
100;29
100;0
100;0
100;0
100;0
100;10
100;0
100;0
100;0
100;0
100;1
100;52
100;2
100;0
100;0
100;1
100;80
100;50
100;5
100;33
100;166
100;28
100;0
100;0
100;0
100;0
100;0
100;0
100;2
100;34
100;0
100;0
100;0
100;0
100;91
100;52
100;50
100;0
100;0
100;62
100;0
100;16
100;0
100;0
100;0
100;0
100;0
100;0
100;0
100;0
100;0
100;0
100;0
100;0
100;0
100;0
100;0
100;0
100;0
100;0
100;0
100;0
100;0
100;0
100;0
100;0
100;0
100;0
100;0
100;0
100;0
100;0
100;0
100;0
100;0
100;0
100;0
100;0
100;0
100;0
100;0
100;0
100;0
100;0
100;0
100;0
100;0
100;0
100;0
100;0
100;0
100;4
100;0
100;1
100;0
100;0
100;0
100;0
100;0
100;0
100;2
100;0
100;0
100;0
100;0
100;4
100;0
100;0
100;0
100;0
100;0
100;0
100;0
100;0
100;0
100;0
100;0
100;0
100;0
100;0
100;0
100;0
100;0
100;0
100;0
100;0
100;0
100;0
100;0
100;0
100;0
100;0
100;0
100;0
100;0
100;0
100;0
100;0
100;0
100;0
100;0
100;0
100;0
100;0
100;0
100;0
100;0
100;0
100;0
100;0
100;0
100;0
100;0
100;0
100;0
100;0
100;0
100;0
100;0
100;0
100;0
100;0
100;0
100;0
100;0
100;1
100;0
100;0
100;0
100;0
100;3
100;1
100;0
100;0
100;0
100;0
100;0
100;4
100;0
100;0
100;31
100;0
100;0
100;0
100;52
100;0
100;22
100;0
100;0
100;21
100;21
100;0
100;31
100;25
100;0
100;0
100;0
100;0
100;0
100;0
100;0
100;0
100;0
100;38
100;0
100;22
100;6
100;0
100;0
100;0
100;3
100;32
100;0
100;0
100;0
100;0
100;0
100;0
100;0
100;0
100;0
100;0
100;0
100;0
100;0
100;0
100;0
100;0
100;0
100;0
100;0
100;0
100;0
100;0
100;0
100;0
100;0
100;0
100;0
100;0
100;0
100;0
100;0
100;0
100;0
100;0
100;0
100;0
100;0
100;0
100;0
100;0
100;0
100;0
100;0
100;0
100;0
100;0
100;0
100;0
100;0
100;0
100;0
100;0
100;0
100;0
100;0
100;0
100;0
100;0
100;0
100;0
100;0
100;0
100;0
100;0
100;0
100;0
100;0
100;0
100;0
100;0
100;0
100;0
100;0
100;0
100;0
100;0
100;0
100;0
100;0
100;0
100;0
100;0
100;0
100;0
100;0
100;0
100;0
100;0
100;0
100;0
100;0
100;0
100;0
100;0
100;0
100;0
100;0
100;0
100;0
100;0
100;0
100;0
100;0
100;0
100;0
100;0
100;0
100;0
100;0
100;0
100;0
100;0
100;0
100;0
100;0
100;0
100;0
100;0
100;0
100;0
100;0
100;0
100;1
100;0
100;0
100;25
100;8
100;4
100;8
100;28
100;24
100;33
100;639
100;46
100;55
100;148
100;167
100;190
100;147
100;166
100;181
100;79
100;549
100;640
100;662
100;160
100;64
100;753
100;81
100;408
100;625
100;809
100;839
100;134
100;175
100;240
100;29
100;64
100;160
100;27
100;156
100;668
100;10
100;73
100;307
100;102
100;611
100;252
100;158
100;671
100;667
100;581
100;798
100;512
100;1056
100;971
100;161
100;372
100;450
100;1312
100;598
100;192
100;307
100;203
100;244
100;891
100;791
100;640
100;758
100;208
100;298
100;925
100;3162
100;434
100;4845
100;330
100;268
100;306
100;280
100;396
100;573
100;126
100;352
100;177
100;159
100;1234
100;3029
100;0
100;101
100;527
100;503
100;610
100;1011
100;258
100;280
100;482
100;175
100;218
100;328
100;363
100;137
100;253
100;1299
100;703
100;751
100;693
100;431
100;409
100;319
100;381
100;349
100;165
100;1504
100;948
100;1010
100;543
100;428
100;510
100;829
100;362
100;929
100;713
100;1075
100;938
100;734
100;863
100;1126
100;1937
100;819
100;1284
100;712
100;1369
100;904
100;824
100;1083
100;1830
100;732
100;1287
100;7143
100;5478
100;4086
100;1096
100;1955
100;2408
100;4038
100;4162
100;6770
100;1539
100;976
100;7100
100;1638
100;4298
100;1344
100;719
100;3446
100;3691
100;5148
100;2148
100;4296
100;4308
100;474
100;2002
100;8318
100;7057
100;11971
100;2790
100;2451
100;3461
100;5543
100;2728
100;8574
100;8274
100;12521
100;7702
100;15352
100;6749
100;5458
100;25
100;14
100;11
100;29
100;38
100;25
100;25
100;1083
100;389
100;276
100;45
100;488
100;244
100;353
100;176
100;504
100;21
100;218
100;570
100;651
100;494
100;356
100;384
100;1333
100;210
100;170
100;661
100;702
100;757
100;499
100;117
100;197
100;50
100;111
100;627
100;246
100;348
100;165
100;476
100;1650
100;149
100;488
100;204
100;735
100;870
100;408
100;1840
100;1298
100;746
100;4016
100;4720
100;672
100;4169
100;104
100;3767
100;9239
100;2264
100;193
100;147
100;1522
100;10548
100;7295
100;1029
100;2534
100;756
100;867
100;1755
100;4458
100;1422
100;9300
100;288
100;1554
100;333
100;2341
100;774
100;2701
100;1019
100;1427
100;346
100;441
100;3130
100;1355
100;108
100;1565
100;649
100;6126
100;7403
100;2443
100;1868
100;592
100;868
100;978
100;2022
100;1124
100;461
100;335
100;942
100;4494
100;1491
100;15102
100;3848
100;1991
100;3584
100;658
100;580
100;537
100;393
100;4764
100;7322
100;5829
100;3148
100;3752
100;2903
100;883
100;9690
100;1143
100;3035
100;1726
100;1607
100;4948
100;2295
100;1951
100;5765
100;9612
100;1041
100;1063
100;635
100;2433
100;3585
100;341
100;63236
100;68218
100;6762
100;76694
100;106926
100;247783
100;68256
100;20176
100;21340
100;12113
100;22465
100;23055
100;5545
100;9444
100;12646
100;19172
100;44050
100;6935
100;5446
100;146540
100;86102
100;36001
100;4864
100;40943
100;69599
100;16604
100;8741
100;47671
100;45247
100;103217
100;5888
100;134215
100;13347
100;35984
100;31413
100;7363
100;63637
100;137636
100;90990
100;79348
100;9097
100;56147
100;24
100;2
100;6
100;3
100;24
100;24
100;17
100;587
100;133
100;0
100;12
100;48
100;2
100;87
100;115
100;581
100;147
100;151
100;523
100;134
100;76
100;125
100;104
100;316
100;449
100;135
100;638
100;429
100;565
100;28
100;0
100;15
100;156
100;15
100;19
100;172
100;565
100;0
100;520
100;540
100;203
100;544
100;177
100;0
100;654
100;125
100;116
100;441
100;515
100;951
100;951
100;245
100;227
100;132
100;1101
100;622
100;138
100;138
100;258
100;218
100;936
100;536
100;334
100;0
100;154
100;0
100;493
100;583
100;638
100;495
100;65
100;65
100;65
100;103
100;543
100;384
100;13
100;62
100;86
100;14
100;788
100;532
100;0
100;144
100;0
100;0
100;441
100;690
100;150
100;237
100;82
100;82
100;299
100;169
100;169
100;128
100;153
100;636
100;708
100;670
100;708
100;708
100;562
100;108
100;108
100;177
100;108
100;505
100;571
100;977
100;802
100;544
100;790
100;706
100;790
100;924
100;647
100;924
100;356
100;499
100;356
100;704
100;704
100;636
100;400
100;400
100;905
100;905
100;283
100;769
100;786
100;937
100;789
100;1800
100;2956
100;1964
100;877
100;1267
100;0
100;1169
100;7129
100;2990
100;365
100;236
100;3670
100;10237
100;1629
100;348
100;530
100;2775
100;8194
100;3717
100;880
100;1533
100;5238
100;4361
100;738
100;4676
100;8454
100;7586
100;965
100;3542
100;3565
100;5245
100;3355
100;5545
100;3848
100;3076
100;4463
100;4364
100;1907
100;5653
100;3
100;0
100;0
100;0
100;1
100;0
100;0
100;74
100;0
100;0
100;25
100;0
100;0
100;0
100;0
100;2
100;0
100;98
100;0
100;40
100;97
100;77
100;1
100;0
100;0
100;0
100;95
100;0
100;34
100;0
100;0
100;0
100;0
100;0
100;5
100;2
100;1
100;0
100;0
100;203
100;0
100;0
100;0
100;0
100;8
100;0
100;31
100;0
100;0
100;0
100;0
100;0
100;0
100;0
100;0
100;0
100;0
100;0
100;0
100;0
100;0
100;0
100;0
100;0
100;0
100;0
100;0
100;0
100;0
100;0
100;0
100;0
100;0
100;0
100;0
100;0
100;0
100;0
100;0
100;0
100;0
100;0
100;0
100;0
100;0
100;0
100;0
100;0
100;0
100;0
100;0
100;0
100;0
100;0
100;0
100;0
100;0
100;0
100;0
100;0
100;0
100;0
100;0
100;0
100;0
100;0
100;0
100;0
100;0
100;0
100;5
100;0
100;0
100;0
100;0
100;0
100;0
100;0
100;1
100;0
100;0
100;0
100;0
100;0
100;0
100;1
100;0
100;2
100;3
100;0
100;0
100;0
100;0
100;0
100;0
100;0
100;0
100;0
100;0
100;0
100;0
100;0
100;0
100;0
100;0
100;0
100;0
100;0
100;0
100;0
100;0
100;0
100;0
100;0
100;0
100;0
100;0
100;0
100;0
100;0
100;0
100;0
100;0
100;0
100;2
100;0
100;0
100;0
100;0
100;0
100;0
100;13
100;1
100;0
100;0
100;0
100;2
100;0
100;6
100;21
100;0
100;0
100;0
100;0
100;0
100;0
100;0
100;0
100;0
100;0
100;64
100;0
100;51
100;28
100;23
100;0
100;0
100;0
100;0
100;146
100;29
100;0
100;0
100;0
100;0
100;0
100;0
100;0
100;31
100;0
100;0
100;44
100;0
100;0
100;14
100;21
100;0
100;0
100;0
100;32
100;33
100;0
100;0
100;0
100;0
100;0
100;0
100;0
100;0
100;0
100;0
100;0
100;0
100;0
100;0
100;0
100;0
100;0
100;0
100;0
100;0
100;0
100;0
100;0
100;0
100;0
100;0
100;0
100;0
100;0
100;0
100;0
100;0
100;0
100;0
100;0
100;0
100;0
100;0
100;0
100;0
100;0
100;0
100;0
100;0
100;0
100;0
100;0
100;0
100;0
100;0
100;0
100;0
100;0
100;0
100;0
100;0
100;0
100;0
100;0
100;0
100;0
100;0
100;0
100;0
100;2
100;3
100;0
100;0
100;0
100;0
100;0
100;0
100;0
100;0
100;0
100;0
100;0
100;0
100;0
100;0
100;0
100;0
100;0
100;0
100;0
100;0
100;0
100;0
100;0
100;0
100;0
100;0
100;0
100;0
100;0
100;0
100;0
100;0
100;0
100;0
100;0
100;0
100;0
100;0
100;0
100;0
100;0
100;0
100;0
100;0
100;0
100;0
100;0
100;0
100;0
100;0
100;0
100;0
100;0
100;0
100;0
100;0
100;0
100;60
100;31
100;39
100;32
100;60
100;52
100;59
100;1532
100;566
100;402
100;925
100;804
100;346
100;515
100;520
100;1029
100;895
100;808
100;1083
100;1645
100;964
100;1460
100;1323
100;1473
100;1810
100;1059
100;1546
100;1505
100;911
100;615
100;947
100;922
100;928
100;481
100;610
100;805
100;1465
100;657
100;936
100;1415
100;1448
100;1492
100;1104
100;842
100;1656
100;1147
100;1106
100;1600
100;1474
100;14002
100;12496
100;9848
100;8028
100;7817
100;14579
100;10388
100;7926
100;5848
100;6894
100;9255
100;13587
100;6669
100;12925
100;7814
100;7019
100;5925
100;14320
100;11844
100;12453
100;23888
100;6706
100;7016
100;8974
100;7805
100;8835
100;9213
100;9481
100;8532
100;7997
100;6312
100;12156
100;11795
100;10043
100;9022
100;10523
100;16342
100;13680
100;10628
100;6454
100;8372
100;6833
100;9629
100;9073
100;7153
100;6858
100;7888
100;6914
100;10118
100;9599
100;13678
100;13613
100;13375
100;13879
100;7816
100;6993
100;8046
100;8610
100;14085
100;10487
100;13156
100;12984
100;13063
100;11170
100;9933
100;9295
100;11647
100;13262
100;15395
100;15803
100;13964
100;13543
100;13663
100;10756
100;14862
100;14129
100;14572
100;11198
100;15526
100;12051
100;15699
100;119847
100;119703
100;99465
100;190928
100;242373
100;199208
100;99630
100;100119
100;135526
100;164475
100;140793
100;78470
100;123680
100;109101
100;229833
100;238258
100;100096
100;131430
100;117146
100;172321
100;239548
100;210339
100;126448
100;166332
100;191907
100;135029
100;164632
100;145294
100;155080
100;133968
100;152667
100;130241
100;180114
100;206508
100;220794
100;196908
100;224778
100;238381
100;222332
100;143766
100;117405
100;213741
100;60
100;50
100;32
100;40
100;75
100;82
100;79
100;1100
100;840
100;1511
100;1108
100;1480
100;1324
100;1105
100;976
100;1924
100;742
100;1577
100;1463
100;1558
100;1240
100;2041
100;1250
100;1473
100;2384
100;1691
100;2253
100;1082
100;2447
100;1194
100;630
100;1087
100;1529
100;1550
100;1609
100;1066
100;1229
100;1189
100;1392
100;2594
100;1483
100;1155
100;1541
100;1571
100;1607
100;1408
100;1603
100;1265
100;1394
100;17841
100;17020
100;12801
100;18942
100;10446
100;28041
100;15122
100;16879
100;22177
100;31444
100;18240
100;33666
100;24513
100;17111
100;20242
100;11461
100;10510
100;24829
100;11825
100;20651
100;19318
100;15456
100;10473
100;19003
100;28639
100;18542
100;19721
100;19617
100;27494
100;22094
100;13300
100;16142
100;33692
100;22783
100;16515
100;12636
100;26120
100;23038
100;9996
100;13180
100;7987
100;22590
100;8956
100;19598
100;15683
100;25772
100;10430
100;25040
100;25462
100;20323
100;11390
100;32777
100;50717
100;31529
100;10502
100;17925
100;8796
100;28407
100;24055
100;47625
100;22547
100;22137
100;27887
100;25829
100;16415
100;14837
100;18514
100;16658
100;33968
100;28942
100;21384
100;22153
100;37670
100;16299
100;22788
100;29913
100;31478
100;35116
100;14853
100;20423
100;21736
100;187774
100;343404
